x,y,z,nx,ny,nz,u,v
-0.00094803,0.00000000,0.00875423,0.940082,-0.339365,-0.032828,0.000000,0.000000
0.09005680,0.25000000,0.03040600,0.940085,-0.339475,-0.031565,0.000000,0.050000
0.18106164,0.50000000,0.05205777,0.940087,-0.339591,-0.030236,0.000000,0.100000
0.27206648,0.75000000,0.07370954,0.940087,-0.339713,-0.028835,0.000000,0.150000
0.36307132,1.00000000,0.09536131,0.940085,-0.339840,-0.027355,0.000000,0.200000
0.45407616,1.25000000,0.11701308,0.940081,-0.339974,-0.025792,0.000000,0.250000
0.54508099,1.50000000,0.13866485,0.940074,-0.340115,-0.024136,0.000000,0.300000
0.63608583,1.75000000,0.16031662,0.940064,-0.340263,-0.022380,0.000000,0.350000
0.72709067,2.00000000,0.18196839,0.940050,-0.340420,-0.020514,0.000000,0.400000
0.81809551,2.25000000,0.20362016,0.940031,-0.340585,-0.018528,0.000000,0.450000
0.90910034,2.50000000,0.22527193,0.940007,-0.340760,-0.016410,0.000000,0.500000
1.00010518,2.75000000,0.24692370,0.939977,-0.340945,-0.014145,0.000000,0.550000
1.09111002,3.00000000,0.26857547,0.939939,-0.341141,-0.011719,0.000000,0.600000
1.18211486,3.25000000,0.29022724,0.939892,-0.341350,-0.009114,0.000000,0.650000
1.27311970,3.50000000,0.31187901,0.939835,-0.341572,-0.006309,0.000000,0.700000
1.36412453,3.75000000,0.33353078,0.939764,-0.341808,-0.003279,0.000000,0.750000
1.45512937,4.00000000,0.35518255,0.939678,-0.342061,0.000002,0.000000,0.800000
1.54613421,4.25000000,0.37683432,0.939572,-0.342331,0.003567,0.000000,0.850000
1.63713905,4.50000000,0.39848609,0.939444,-0.342621,0.007455,0.000000,0.900000
1.72814389,4.75000000,0.42013786,0.939287,-0.342933,0.011712,0.000000,0.950000
1.81914872,5.00000000,0.44178963,0.939094,-0.343268,0.016392,0.000000,1.000000
0.00731993,0.00000000,-0.01328586,0.716203,-0.315515,0.622498,0.025000,0.000000
0.09814662,0.25000000,0.00892849,0.715416,-0.315318,0.623501,0.025000,0.050000
0.18897331,0.50000000,0.03114283,0.714587,-0.315111,0.624557,0.025000,0.100000
0.27980001,0.75000000,0.05335718,0.713711,-0.314891,0.625668,0.025000,0.150000
0.37062670,1.00000000,0.07557152,0.712784,-0.314659,0.626840,0.025000,0.200000
0.46145339,1.25000000,0.09778587,0.711803,-0.314412,0.628078,0.025000,0.250000
0.55228009,1.50000000,0.12000021,0.710761,-0.314150,0.629387,0.025000,0.300000
0.64310678,1.75000000,0.14221456,0.709654,-0.313871,0.630774,0.025000,0.350000
0.73393347,2.00000000,0.16442890,0.708475,-0.313573,0.632246,0.025000,0.400000
0.82476016,2.25000000,0.18664325,0.707217,-0.313255,0.633810,0.025000,0.450000
0.91558686,2.50000000,0.20885759,0.705871,-0.312914,0.635477,0.025000,0.500000
1.00641355,2.75000000,0.23107194,0.704428,-0.312548,0.637256,0.025000,0.550000
1.09724024,3.00000000,0.25328628,0.702878,-0.312154,0.639158,0.025000,0.600000
1.18806693,3.25000000,0.27550063,0.701207,-0.311728,0.641197,0.025000,0.650000
1.27889363,3.50000000,0.29771497,0.699402,-0.311267,0.643389,0.025000,0.700000
1.36972032,3.75000000,0.31992931,0.697445,-0.310766,0.645752,0.025000,0.750000
1.46054701,4.00000000,0.34214366,0.695317,-0.310220,0.648304,0.025000,0.800000
1.55137371,4.25000000,0.36435800,0.692994,-0.309622,0.651072,0.025000,0.850000
1.64220040,4.50000000,0.38657235,0.690448,-0.308964,0.654081,0.025000,0.900000
1.73302709,4.75000000,0.40878669,0.687646,-0.308239,0.657367,0.025000,0.950000
1.82385378,5.00000000,0.43100104,0.684548,-0.307433,0.660968,0.025000,1.000000
0.02902747,0.00000000,-0.02856749,0.416931,-0.230179,0.879310,0.050000,0.000000
0.11933072,0.25000000,-0.00594218,0.415786,-0.229824,0.879945,0.050000,0.050000
0.20963398,0.50000000,0.01668313,0.414581,-0.229448,0.880611,0.050000,0.100000
0.29993723,0.75000000,0.03930844,0.413308,-0.229052,0.881312,0.050000,0.150000
0.39024049,1.00000000,0.06193375,0.411964,-0.228633,0.882050,0.050000,0.200000
0.48054374,1.25000000,0.08455907,0.410541,-0.228190,0.882828,0.050000,0.250000
0.57084700,1.50000000,0.10718438,0.409033,-0.227720,0.883649,0.050000,0.300000
0.66115025,1.75000000,0.12980969,0.407432,-0.227220,0.884517,0.050000,0.350000
0.75145351,2.00000000,0.15243500,0.405729,-0.226688,0.885436,0.050000,0.400000
0.84175676,2.25000000,0.17506031,0.403913,-0.226120,0.886411,0.050000,0.450000
0.93206002,2.50000000,0.19768562,0.401973,-0.225513,0.887447,0.050000,0.500000
1.02236327,2.75000000,0.22031093,0.399897,-0.224863,0.888549,0.050000,0.550000
1.11266653,3.00000000,0.24293625,0.397669,-0.224164,0.889724,0.050000,0.600000
1.20296978,3.25000000,0.26556156,0.395272,-0.223412,0.890981,0.050000,0.650000
1.29327304,3.50000000,0.28818687,0.392686,-0.222600,0.892326,0.050000,0.700000
1.38357629,3.75000000,0.31081218,0.389889,-0.221720,0.893771,0.050000,0.750000
1.47387955,4.00000000,0.33343749,0.386852,-0.220764,0.895326,0.050000,0.800000
1.56418280,4.25000000,0.35606280,0.383544,-0.219721,0.897004,0.050000,0.850000
1.65448606,4.50000000,0.37868811,0.379928,-0.218579,0.898820,0.050000,0.900000
1.74478931,4.75000000,0.40131343,0.375958,-0.217324,0.900792,0.050000,0.950000
1.83509257,5.00000000,0.42393874,0.371580,-0.215937,0.902939,0.050000,1.000000
0.05771927,0.00000000,-0.03905593,0.273314,-0.184526,0.944060,0.075000,0.000000
0.14731797,0.25000000,-0.01613050,0.272068,-0.184120,0.944499,0.075000,0.050000
0.23691667,0.50000000,0.00679492,0.270755,-0.183692,0.944960,0.075000,0.100000
0.32651537,0.75000000,0.02972034,0.269371,-0.183240,0.945443,0.075000,0.150000
0.41611407,1.00000000,0.05264576,0.267908,-0.182762,0.945951,0.075000,0.200000
0.50571277,1.25000000,0.07557118,0.266361,-0.182257,0.946485,0.075000,0.250000
0.59531147,1.50000000,0.09849661,0.264722,-0.181721,0.947048,0.075000,0.300000
0.68491017,1.75000000,0.12142203,0.262982,-0.181152,0.947642,0.075000,0.350000
0.77450887,2.00000000,0.14434745,0.261131,-0.180546,0.948269,0.075000,0.400000
0.86410757,2.25000000,0.16727287,0.259160,-0.179900,0.948932,0.075000,0.450000
0.95370627,2.50000000,0.19019829,0.257055,-0.179210,0.949635,0.075000,0.500000
1.04330497,2.75000000,0.21312372,0.254802,-0.178471,0.950381,0.075000,0.550000
1.13290367,3.00000000,0.23604914,0.252386,-0.177678,0.951174,0.075000,0.600000
1.22250237,3.25000000,0.25897456,0.249789,-0.176825,0.952018,0.075000,0.650000
1.31210107,3.50000000,0.28189998,0.246988,-0.175904,0.952919,0.075000,0.700000
1.40169977,3.75000000,0.30482540,0.243960,-0.174907,0.953882,0.075000,0.750000
1.49129847,4.00000000,0.32775083,0.240675,-0.173824,0.954914,0.075000,0.800000
1.58089717,4.25000000,0.35067625,0.237100,-0.172644,0.956022,0.075000,0.850000
1.67049587,4.50000000,0.37360167,0.233194,-0.171354,0.957214,0.075000,0.900000
1.76009457,4.75000000,0.39652709,0.228910,-0.169936,0.958500,0.075000,0.950000
1.84969327,5.00000000,0.41945251,0.224190,-0.168372,0.959891,0.075000,1.000000
0.09069316,0.00000000,-0.04712256,0.204209,-0.162000,0.965430,0.100000,0.000000
0.17947693,0.25000000,-0.02395206,0.202928,-0.161576,0.965771,0.100000,0.050000
0.26826071,0.50000000,-0.00078155,0.201578,-0.161130,0.966128,0.100000,0.100000
0.35704449,0.75000000,0.02238896,0.200154,-0.160659,0.966502,0.100000,0.150000
0.44582827,1.00000000,0.04555947,0.198651,-0.160162,0.966895,0.100000,0.200000
0.53461204,1.25000000,0.06872997,0.197061,-0.159635,0.967307,0.100000,0.250000
0.62339582,1.50000000,0.09190048,0.195376,-0.159077,0.967741,0.100000,0.300000
0.71217960,1.75000000,0.11507099,0.193588,-0.158484,0.968197,0.100000,0.350000
0.80096338,2.00000000,0.13824150,0.191687,-0.157854,0.968679,0.100000,0.400000
0.88974715,2.25000000,0.16141200,0.189662,-0.157182,0.969186,0.100000,0.450000
0.97853093,2.50000000,0.18458251,0.187500,-0.156464,0.969723,0.100000,0.500000
1.06731471,2.75000000,0.20775302,0.185187,-0.155695,0.970291,0.100000,0.550000
1.15609849,3.00000000,0.23092352,0.182708,-0.154870,0.970893,0.100000,0.600000
1.24488226,3.25000000,0.25409403,0.180042,-0.153983,0.971532,0.100000,0.650000
1.33366604,3.50000000,0.27726454,0.177169,-0.153025,0.972211,0.100000,0.700000
1.42244982,3.75000000,0.30043505,0.174063,-0.151989,0.972934,0.100000,0.750000
1.51123360,4.00000000,0.32360555,0.170694,-0.150865,0.973706,0.100000,0.800000
1.60001737,4.25000000,0.34677606,0.167030,-0.149640,0.974530,0.100000,0.850000
1.68880115,4.50000000,0.36994657,0.163028,-0.148300,0.975412,0.100000,0.900000
1.77758493,4.75000000,0.39311708,0.158640,-0.146830,0.976358,0.100000,0.950000
1.86636871,5.00000000,0.41628758,0.153808,-0.145208,0.977373,0.100000,1.000000
0.12682042,0.00000000,-0.05407629,0.172949,-0.151856,0.973154,0.125000,0.000000
0.21470888,0.25000000,-0.03068443,0.171654,-0.151429,0.973450,0.125000,0.050000
0.30259733,0.50000000,-0.00729258,0.170291,-0.150979,0.973759,0.125000,0.100000
0.39048579,0.75000000,0.01609928,0.168853,-0.150503,0.974083,0.125000,0.150000
0.47837425,1.00000000,0.03949114,0.167334,-0.150001,0.974422,0.125000,0.200000
0.56626270,1.25000000,0.06288300,0.165728,-0.149470,0.974778,0.125000,0.250000
0.65415116,1.50000000,0.08627485,0.164026,-0.148907,0.975152,0.125000,0.300000
0.74203962,1.75000000,0.10966671,0.162221,-0.148309,0.975545,0.125000,0.350000
0.82992807,2.00000000,0.13305857,0.160301,-0.147672,0.975959,0.125000,0.400000
0.91781653,2.25000000,0.15645043,0.158256,-0.146994,0.976395,0.125000,0.450000
1.00570498,2.50000000,0.17984228,0.156073,-0.146270,0.976855,0.125000,0.500000
1.09359344,2.75000000,0.20323414,0.153739,-0.145495,0.977341,0.125000,0.550000
1.18148190,3.00000000,0.22662600,0.151235,-0.144663,0.977855,0.125000,0.600000
1.26937035,3.25000000,0.25001786,0.148545,-0.143768,0.978399,0.125000,0.650000
1.35725881,3.50000000,0.27340972,0.145645,-0.142802,0.978976,0.125000,0.700000
1.44514727,3.75000000,0.29680157,0.142511,-0.141758,0.979589,0.125000,0.750000
1.53303572,4.00000000,0.32019343,0.139113,-0.140624,0.980241,0.125000,0.800000
1.62092418,4.25000000,0.34358529,0.135416,-0.139390,0.980935,0.125000,0.850000
1.70881264,4.50000000,0.36697715,0.131380,-0.138040,0.981674,0.125000,0.900000
1.79670109,4.75000000,0.39036900,0.126955,-0.136558,0.982463,0.125000,0.950000
1.88458955,5.00000000,0.41376086,0.122083,-0.134924,0.983306,0.125000,1.000000
0.16554404,0.00000000,-0.06059991,0.157649,-0.147020,0.976490,0.150000,0.000000
0.25247161,0.25000000,-0.03699407,0.156349,-0.146593,0.976763,0.150000,0.050000
0.33939919,0.50000000,-0.01338823,0.154979,-0.146144,0.977048,0.150000,0.100000
0.42632676,0.75000000,0.01021760,0.153535,-0.145670,0.977347,0.150000,0.150000
0.51325434,1.00000000,0.03382344,0.152009,-0.145169,0.977660,0.150000,0.200000
0.60018191,1.25000000,0.05742928,0.150396,-0.144639,0.977988,0.150000,0.250000
0.68710949,1.50000000,0.08103512,0.148687,-0.144077,0.978332,0.150000,0.300000
0.77403706,1.75000000,0.10464095,0.146873,-0.143481,0.978694,0.150000,0.350000
0.86096464,2.00000000,0.12824679,0.144946,-0.142846,0.979074,0.150000,0.400000
0.94789221,2.25000000,0.15185263,0.142892,-0.142170,0.979474,0.150000,0.450000
1.03481978,2.50000000,0.17545847,0.140700,-0.141448,0.979896,0.150000,0.500000
1.12174736,2.75000000,0.19906430,0.138356,-0.140675,0.980341,0.150000,0.550000
1.20867493,3.00000000,0.22267014,0.135842,-0.139845,0.980811,0.150000,0.600000
1.29560251,3.25000000,0.24627598,0.133141,-0.138953,0.981308,0.150000,0.650000
1.38253008,3.50000000,0.26988182,0.130230,-0.137990,0.981834,0.150000,0.700000
1.46945766,3.75000000,0.29348765,0.127083,-0.136949,0.982392,0.150000,0.750000
1.55638523,4.00000000,0.31709349,0.123672,-0.135819,0.982984,0.150000,0.800000
1.64331281,4.25000000,0.34069933,0.119962,-0.134588,0.983613,0.150000,0.850000
1.73024038,4.50000000,0.36430517,0.115910,-0.133242,0.984282,0.150000,0.900000
1.81716796,4.75000000,0.38791100,0.111470,-0.131766,0.984994,0.150000,0.950000
1.90409553,5.00000000,0.41151684,0.106582,-0.130137,0.985751,0.150000,1.000000
0.20658193,0.00000000,-0.06705799,0.151083,-0.145088,0.977816,0.175000,0.000000
0.29249061,0.25000000,-0.04323678,0.149780,-0.144666,0.978079,0.175000,0.050000
0.37839928,0.50000000,-0.01941558,0.148408,-0.144220,0.978354,0.175000,0.100000
0.46430795,0.75000000,0.00440563,0.146961,-0.143750,0.978641,0.175000,0.150000
0.55021662,1.00000000,0.02822683,0.145433,-0.143254,0.978942,0.175000,0.200000
0.63612529,1.25000000,0.05204803,0.143816,-0.142729,0.979258,0.175000,0.250000
0.72203396,1.50000000,0.07586924,0.142104,-0.142172,0.979588,0.175000,0.300000
0.80794263,1.75000000,0.09969044,0.140288,-0.141581,0.979936,0.175000,0.350000
0.89385130,2.00000000,0.12351165,0.138356,-0.140952,0.980301,0.175000,0.400000
0.97975997,2.25000000,0.14733285,0.136299,-0.140282,0.980685,0.175000,0.450000
1.06566864,2.50000000,0.17115406,0.134104,-0.139566,0.981090,0.175000,0.500000
1.15157732,2.75000000,0.19497526,0.131755,-0.138799,0.981517,0.175000,0.550000
1.23748599,3.00000000,0.21879647,0.129238,-0.137977,0.981967,0.175000,0.600000
1.32339466,3.25000000,0.24261767,0.126532,-0.137093,0.982443,0.175000,0.650000
1.40930333,3.50000000,0.26643888,0.123616,-0.136139,0.982947,0.175000,0.700000
1.49521200,3.75000000,0.29026008,0.120465,-0.135107,0.983481,0.175000,0.750000
1.58112067,4.00000000,0.31408129,0.117048,-0.133987,0.984046,0.175000,0.800000
1.66702934,4.25000000,0.33790249,0.113332,-0.132767,0.984647,0.175000,0.850000
1.75293801,4.50000000,0.36172370,0.109275,-0.131433,0.985284,0.175000,0.900000
1.83884668,4.75000000,0.38554490,0.104829,-0.129970,0.985961,0.175000,0.950000
1.92475535,5.00000000,0.40936611,0.099933,-0.128356,0.986680,0.175000,1.000000
0.24977544,0.00000000,-0.07362131,0.146117,-0.143711,0.978773,0.200000,0.000000
0.33461138,0.25000000,-0.04957928,0.144812,-0.143292,0.979028,0.200000,0.050000
0.41944732,0.50000000,-0.02553726,0.143438,-0.142852,0.979295,0.200000,0.100000
0.50428326,0.75000000,-0.00149523,0.141989,-0.142387,0.979574,0.200000,0.150000
0.58911921,1.00000000,0.02254680,0.140459,-0.141896,0.979866,0.200000,0.200000
0.67395515,1.25000000,0.04658883,0.138841,-0.141376,0.980171,0.200000,0.250000
0.75879109,1.50000000,0.07063085,0.137127,-0.140825,0.980492,0.200000,0.300000
0.84362703,1.75000000,0.09467288,0.135307,-0.140240,0.980829,0.200000,0.350000
0.92846297,2.00000000,0.11871491,0.133374,-0.139618,0.981182,0.200000,0.400000
1.01329891,2.25000000,0.14275693,0.131314,-0.138955,0.981554,0.200000,0.450000
1.09813485,2.50000000,0.16679896,0.129116,-0.138246,0.981946,0.200000,0.500000
1.18297079,2.75000000,0.19084099,0.126765,-0.137488,0.982358,0.200000,0.550000
1.26780673,3.00000000,0.21488301,0.124244,-0.136675,0.982794,0.200000,0.600000
1.35264267,3.25000000,0.23892504,0.121535,-0.135800,0.983254,0.200000,0.650000
1.43747861,3.50000000,0.26296707,0.118616,-0.134856,0.983740,0.200000,0.700000
1.52231455,3.75000000,0.28700909,0.115461,-0.133835,0.984255,0.200000,0.750000
1.60715050,4.00000000,0.31105112,0.112041,-0.132727,0.984800,0.200000,0.800000
1.69198644,4.25000000,0.33509315,0.108320,-0.131520,0.985378,0.200000,0.850000
1.77682238,4.50000000,0.35913518,0.104259,-0.130201,0.985991,0.200000,0.900000
1.86165832,4.75000000,0.38317720,0.099808,-0.128753,0.986641,0.200000,0.950000
1.94649426,5.00000000,0.40721923,0.094908,-0.127156,0.987332,0.200000,1.000000
0.29502179,0.00000000,-0.08022854,0.139415,-0.141811,0.980027,0.225000,0.000000
0.37873367,0.25000000,-0.05596191,0.138108,-0.141397,0.980272,0.225000,0.050000
0.46244554,0.50000000,-0.03169528,0.136732,-0.140961,0.980528,0.225000,0.100000
0.54615742,0.75000000,-0.00742864,0.135281,-0.140501,0.980795,0.225000,0.150000
0.62986930,1.00000000,0.01683799,0.133748,-0.140015,0.981075,0.225000,0.200000
0.71358117,1.25000000,0.04110463,0.132127,-0.139500,0.981367,0.225000,0.250000
0.79729305,1.50000000,0.06537126,0.130410,-0.138955,0.981674,0.225000,0.300000
0.88100493,1.75000000,0.08963790,0.128588,-0.138376,0.981997,0.225000,0.350000
0.96471681,2.00000000,0.11390453,0.126651,-0.137760,0.982335,0.225000,0.400000
1.04842868,2.25000000,0.13817117,0.124588,-0.137104,0.982690,0.225000,0.450000
1.13214056,2.50000000,0.16243780,0.122386,-0.136403,0.983065,0.225000,0.500000
1.21585244,2.75000000,0.18670443,0.120031,-0.135653,0.983459,0.225000,0.550000
1.29956431,3.00000000,0.21097107,0.117507,-0.134848,0.983874,0.225000,0.600000
1.38327619,3.25000000,0.23523770,0.114793,-0.133982,0.984313,0.225000,0.650000
1.46698807,3.50000000,0.25950434,0.111870,-0.133048,0.984776,0.225000,0.700000
1.55069994,3.75000000,0.28377097,0.108710,-0.132038,0.985266,0.225000,0.750000
1.63441182,4.00000000,0.30803761,0.105285,-0.130941,0.985784,0.225000,0.800000
1.71812370,4.25000000,0.33230424,0.101560,-0.129747,0.986332,0.225000,0.850000
1.80183557,4.50000000,0.35657088,0.097493,-0.128442,0.986913,0.225000,0.900000
1.88554745,4.75000000,0.38083751,0.093036,-0.127009,0.987529,0.225000,0.950000
1.96925933,5.00000000,0.40510414,0.088130,-0.125429,0.988180,0.225000,1.000000
0.34229896,0.00000000,-0.08671836,0.129360,-0.138891,0.981822,0.250000,0.000000
0.42483578,0.25000000,-0.06222740,0.128049,-0.138481,0.982052,0.250000,0.050000
0.50737260,0.50000000,-0.03773644,0.126670,-0.138049,0.982292,0.250000,0.100000
0.58990942,0.75000000,-0.01324548,0.125215,-0.137593,0.982542,0.250000,0.150000
0.67244624,1.00000000,0.01124548,0.123678,-0.137111,0.982804,0.250000,0.200000
0.75498306,1.25000000,0.03573644,0.122053,-0.136602,0.983078,0.250000,0.250000
0.83751988,1.50000000,0.06022740,0.120332,-0.136062,0.983365,0.250000,0.300000
0.92005669,1.75000000,0.08471836,0.118506,-0.135488,0.983666,0.250000,0.350000
1.00259351,2.00000000,0.10920932,0.116564,-0.134878,0.983982,0.250000,0.400000
1.08513033,2.25000000,0.13370028,0.114497,-0.134228,0.984314,0.250000,0.450000
1.16766715,2.50000000,0.15819124,0.112290,-0.133534,0.984662,0.250000,0.500000
1.25020397,2.75000000,0.18268220,0.109930,-0.132790,0.985029,0.250000,0.550000
1.33274079,3.00000000,0.20717316,0.107400,-0.131993,0.985415,0.250000,0.600000
1.41527761,3.25000000,0.23166412,0.104681,-0.131135,0.985822,0.250000,0.650000
1.49781443,3.50000000,0.25615508,0.101751,-0.130210,0.986252,0.250000,0.700000
1.58035125,3.75000000,0.28064604,0.098585,-0.129209,0.986705,0.250000,0.750000
1.66288807,4.00000000,0.30513700,0.095153,-0.128123,0.987183,0.250000,0.800000
1.74542488,4.25000000,0.32962796,0.091421,-0.126940,0.987688,0.250000,0.850000
1.82796170,4.50000000,0.35411892,0.087346,-0.125647,0.988222,0.250000,0.900000
1.91049852,4.75000000,0.37860987,0.082881,-0.124228,0.988786,0.250000,0.950000
1.99303534,5.00000000,0.40310083,0.077966,-0.122664,0.989381,0.250000,1.000000
0.39148817,0.00000000,-0.09284577,0.114797,-0.134614,0.984226,0.275000,0.000000
0.47280159,0.25000000,-0.06813706,0.113483,-0.134207,0.984434,0.275000,0.050000
0.55411501,0.50000000,-0.04342834,0.112098,-0.133778,0.984651,0.275000,0.100000
0.63542843,0.75000000,-0.01871963,0.110639,-0.133326,0.984877,0.275000,0.150000
0.71674185,1.00000000,0.00598909,0.109097,-0.132848,0.985114,0.275000,0.200000
0.79805527,1.25000000,0.03069780,0.107467,-0.132342,0.985361,0.275000,0.250000
0.87936870,1.50000000,0.05540651,0.105741,-0.131806,0.985620,0.275000,0.300000
0.96068212,1.75000000,0.08011523,0.103909,-0.131237,0.985890,0.275000,0.350000
1.04199554,2.00000000,0.10482394,0.101961,-0.130632,0.986174,0.275000,0.400000
1.12330896,2.25000000,0.12953265,0.099887,-0.129986,0.986472,0.275000,0.450000
1.20462238,2.50000000,0.15424137,0.097674,-0.129297,0.986784,0.275000,0.500000
1.28593580,2.75000000,0.17895008,0.095307,-0.128560,0.987111,0.275000,0.550000
1.36724922,3.00000000,0.20365880,0.092770,-0.127769,0.987456,0.275000,0.600000
1.44856264,3.25000000,0.22836751,0.090043,-0.126918,0.987818,0.275000,0.650000
1.52987606,3.50000000,0.25307622,0.087105,-0.126000,0.988199,0.275000,0.700000
1.61118948,3.75000000,0.27778494,0.083930,-0.125007,0.988600,0.275000,0.750000
1.69250290,4.00000000,0.30249365,0.080489,-0.123929,0.989021,0.275000,0.800000
1.77381632,4.25000000,0.32720237,0.076747,-0.122756,0.989465,0.275000,0.850000
1.85512974,4.50000000,0.35191108,0.072663,-0.121473,0.989931,0.275000,0.900000
1.93644316,4.75000000,0.37661979,0.068186,-0.120066,0.990421,0.275000,0.950000
2.01775658,5.00000000,0.40132851,0.063260,-0.118515,0.990935,0.275000,1.000000
0.44224575,0.00000000,-0.09829563,0.097044,-0.129408,0.986831,0.300000,0.000000
0.52229563,0.25000000,-0.07338407,0.095725,-0.129003,0.987013,0.300000,0.050000
0.60234550,0.50000000,-0.04847251,0.094336,-0.128577,0.987202,0.300000,0.100000
0.68239537,0.75000000,-0.02356095,0.092871,-0.128128,0.987400,0.300000,0.150000
0.76244524,1.00000000,0.00135061,0.091324,-0.127653,0.987605,0.300000,0.200000
0.84249512,1.25000000,0.02626216,0.089689,-0.127151,0.987820,0.300000,0.250000
0.92254499,1.50000000,0.05117372,0.087956,-0.126618,0.988044,0.300000,0.300000
1.00259486,1.75000000,0.07608528,0.086118,-0.126053,0.988278,0.300000,0.350000
1.08264473,2.00000000,0.10099684,0.084164,-0.125452,0.988523,0.300000,0.400000
1.16269461,2.25000000,0.12590840,0.082083,-0.124811,0.988779,0.300000,0.450000
1.24274448,2.50000000,0.15081996,0.079863,-0.124127,0.989047,0.300000,0.500000
1.32279435,2.75000000,0.17573151,0.077489,-0.123395,0.989328,0.300000,0.550000
1.40284423,3.00000000,0.20064307,0.074943,-0.122609,0.989621,0.300000,0.600000
1.48289410,3.25000000,0.22555463,0.072209,-0.121764,0.989929,0.300000,0.650000
1.56294397,3.50000000,0.25046619,0.069262,-0.120852,0.990251,0.300000,0.700000
1.64299384,3.75000000,0.27537775,0.066078,-0.119867,0.990589,0.300000,0.750000
1.72304372,4.00000000,0.30028930,0.062627,-0.118797,0.990942,0.300000,0.800000
1.80309359,4.25000000,0.32520086,0.058875,-0.117632,0.991310,0.300000,0.850000
1.88314346,4.50000000,0.35011242,0.054779,-0.116359,0.991695,0.300000,0.900000
1.96319333,4.75000000,0.37502398,0.050292,-0.114962,0.992096,0.300000,0.950000
2.04324321,5.00000000,0.39993554,0.045354,-0.113422,0.992511,0.300000,1.000000
0.49423423,0.00000000,-0.10297820,0.081334,-0.124888,0.988832,0.325000,0.000000
0.57298874,0.25000000,-0.07788140,0.080011,-0.124487,0.988990,0.325000,0.050000
0.65174324,0.50000000,-0.05278459,0.078618,-0.124065,0.989155,0.325000,0.100000
0.73049775,0.75000000,-0.02768779,0.077149,-0.123619,0.989326,0.325000,0.150000
0.80925226,1.00000000,-0.00259098,0.075598,-0.123148,0.989505,0.325000,0.200000
0.88800676,1.25000000,0.02250582,0.073958,-0.122650,0.989690,0.325000,0.250000
0.96676127,1.50000000,0.04760263,0.072221,-0.122123,0.989884,0.325000,0.300000
1.04551577,1.75000000,0.07269943,0.070378,-0.121562,0.990086,0.325000,0.350000
1.12427028,2.00000000,0.09779624,0.068419,-0.120966,0.990296,0.325000,0.400000
1.20302479,2.25000000,0.12289304,0.066333,-0.120331,0.990515,0.325000,0.450000
1.28177929,2.50000000,0.14798985,0.064108,-0.119653,0.990744,0.325000,0.500000
1.36053380,2.75000000,0.17308665,0.061727,-0.118927,0.990982,0.325000,0.550000
1.43928830,3.00000000,0.19818345,0.059176,-0.118148,0.991231,0.325000,0.600000
1.51804281,3.25000000,0.22328026,0.056435,-0.117311,0.991490,0.325000,0.650000
1.59679732,3.50000000,0.24837706,0.053482,-0.116408,0.991761,0.325000,0.700000
1.67555182,3.75000000,0.27347387,0.050291,-0.115431,0.992042,0.325000,0.750000
1.75430633,4.00000000,0.29857067,0.046833,-0.114371,0.992334,0.325000,0.800000
1.83306083,4.25000000,0.32366748,0.043073,-0.113217,0.992636,0.325000,0.850000
1.91181534,4.50000000,0.34876428,0.038969,-0.111955,0.992949,0.325000,0.900000
1.99056985,4.75000000,0.37386109,0.034473,-0.110571,0.993270,0.325000,0.950000
2.06932435,5.00000000,0.39895789,0.029527,-0.109046,0.993598,0.325000,1.000000
0.54717215,0.00000000,-0.10695017,0.067442,-0.120977,0.990362,0.350000,0.000000
0.62460659,0.25000000,-0.08168466,0.066116,-0.120581,0.990499,0.350000,0.050000
0.70204104,0.50000000,-0.05641916,0.064720,-0.120163,0.990642,0.350000,0.100000
0.77947548,0.75000000,-0.03115365,0.063248,-0.119722,0.990791,0.350000,0.150000
0.85690992,1.00000000,-0.00588815,0.061694,-0.119256,0.990945,0.350000,0.200000
0.93434436,1.25000000,0.01937735,0.060051,-0.118763,0.991105,0.350000,0.250000
1.01177880,1.50000000,0.04464286,0.058310,-0.118241,0.991271,0.350000,0.300000
1.08921324,1.75000000,0.06990836,0.056463,-0.117686,0.991444,0.350000,0.350000
1.16664768,2.00000000,0.09517386,0.054501,-0.117096,0.991624,0.350000,0.400000
1.24408212,2.25000000,0.12043937,0.052411,-0.116468,0.991811,0.350000,0.450000
1.32151657,2.50000000,0.14570487,0.050181,-0.115797,0.992005,0.350000,0.500000
1.39895101,2.75000000,0.17097038,0.047796,-0.115079,0.992206,0.350000,0.550000
1.47638545,3.00000000,0.19623588,0.045240,-0.114308,0.992415,0.350000,0.600000
1.55381989,3.25000000,0.22150138,0.042494,-0.113479,0.992631,0.350000,0.650000
1.63125433,3.50000000,0.24676689,0.039536,-0.112586,0.992855,0.350000,0.700000
1.70868877,3.75000000,0.27203239,0.036340,-0.111619,0.993086,0.350000,0.750000
1.78612321,4.00000000,0.29729789,0.032876,-0.110570,0.993324,0.350000,0.800000
1.86355765,4.25000000,0.32256340,0.029110,-0.109429,0.993568,0.350000,0.850000
1.94099209,4.50000000,0.34782890,0.025001,-0.108181,0.993817,0.350000,0.900000
2.01842654,4.75000000,0.37309441,0.020499,-0.106812,0.994068,0.350000,0.950000
2.09586098,5.00000000,0.39835991,0.015546,-0.105303,0.994319,0.350000,1.000000
0.60093537,0.00000000,-0.11026261,0.054916,-0.117531,0.991550,0.375000,0.000000
0.67702822,0.25000000,-0.08484384,0.053587,-0.117138,0.991669,0.375000,0.050000
0.75312108,0.50000000,-0.05942507,0.052189,-0.116725,0.991792,0.375000,0.100000
0.82921393,0.75000000,-0.03400629,0.050714,-0.116290,0.991920,0.375000,0.150000
0.90530678,1.00000000,-0.00858752,0.049158,-0.115829,0.992052,0.375000,0.200000
0.98139964,1.25000000,0.01683125,0.047512,-0.115342,0.992189,0.375000,0.250000
1.05749249,1.50000000,0.04225002,0.045768,-0.114826,0.992331,0.375000,0.300000
1.13358534,1.75000000,0.06766879,0.043919,-0.114278,0.992478,0.375000,0.350000
1.20967819,2.00000000,0.09308757,0.041953,-0.113695,0.992630,0.375000,0.400000
1.28577105,2.25000000,0.11850634,0.039860,-0.113074,0.992787,0.375000,0.450000
1.36186390,2.50000000,0.14392511,0.037626,-0.112411,0.992949,0.375000,0.500000
1.43795675,2.75000000,0.16934388,0.035238,-0.111701,0.993117,0.375000,0.550000
1.51404960,3.00000000,0.19476265,0.032679,-0.110939,0.993290,0.375000,0.600000
1.59014246,3.25000000,0.22018143,0.029929,-0.110121,0.993468,0.375000,0.650000
1.66623531,3.50000000,0.24560020,0.026967,-0.109237,0.993650,0.375000,0.700000
1.74232816,3.75000000,0.27101897,0.023767,-0.108282,0.993836,0.375000,0.750000
1.81842102,4.00000000,0.29643774,0.020299,-0.107246,0.994025,0.375000,0.800000
1.89451387,4.25000000,0.32185652,0.016529,-0.106118,0.994216,0.375000,0.850000
1.97060672,4.50000000,0.34727529,0.012416,-0.104885,0.994407,0.375000,0.900000
2.04669957,4.75000000,0.37269406,0.007909,-0.103533,0.994595,0.375000,0.950000
2.12279243,5.00000000,0.39811283,0.002952,-0.102042,0.994776,0.375000,1.000000
0.65542740,0.00000000,-0.11296245,0.043595,-0.114492,0.992467,0.400000,0.000000
0.73015962,0.25000000,-0.08740479,0.042265,-0.114105,0.992569,0.400000,0.050000
0.80489184,0.50000000,-0.06184714,0.040865,-0.113698,0.992675,0.400000,0.100000
0.87962405,0.75000000,-0.03628948,0.039389,-0.113267,0.992783,0.400000,0.150000
0.95435627,1.00000000,-0.01073182,0.037830,-0.112813,0.992896,0.400000,0.200000
1.02908849,1.25000000,0.01482584,0.036182,-0.112332,0.993012,0.400000,0.250000
1.10382071,1.50000000,0.04038350,0.034436,-0.111822,0.993131,0.400000,0.300000
1.17855292,1.75000000,0.06594115,0.032584,-0.111281,0.993255,0.400000,0.350000
1.25328514,2.00000000,0.09149881,0.030616,-0.110706,0.993382,0.400000,0.400000
1.32801736,2.25000000,0.11705647,0.028521,-0.110093,0.993512,0.400000,0.450000
1.40274958,2.50000000,0.14261413,0.026285,-0.109438,0.993646,0.400000,0.500000
1.47748179,2.75000000,0.16817179,0.023894,-0.108738,0.993783,0.400000,0.550000
1.55221401,3.00000000,0.19372944,0.021332,-0.107986,0.993924,0.400000,0.600000
1.62694623,3.25000000,0.21928710,0.018579,-0.107178,0.994066,0.400000,0.650000
1.70167845,3.50000000,0.24484476,0.015614,-0.106306,0.994211,0.400000,0.700000
1.77641066,3.75000000,0.27040242,0.012411,-0.105364,0.994356,0.400000,0.750000
1.85114288,4.00000000,0.29596008,0.008941,-0.104341,0.994501,0.400000,0.800000
1.92587510,4.25000000,0.32151773,0.005167,-0.103228,0.994644,0.400000,0.850000
2.00060732,4.50000000,0.34707539,0.001050,-0.102011,0.994783,0.400000,0.900000
2.07533953,4.75000000,0.37263305,-0.003459,-0.100677,0.994913,0.400000,0.950000
2.15007175,5.00000000,0.39819071,-0.008420,-0.099206,0.995031,0.400000,1.000000
0.71052565,0.00000000,-0.11509234,0.033343,-0.111814,0.993170,0.425000,0.000000
0.78388131,0.25000000,-0.08940927,0.032012,-0.111432,0.993256,0.425000,0.050000
0.85723698,0.50000000,-0.06372620,0.030610,-0.111030,0.993346,0.425000,0.100000
0.93059264,0.75000000,-0.03804314,0.029132,-0.110606,0.993437,0.425000,0.150000
1.00394830,1.00000000,-0.01236007,0.027572,-0.110158,0.993532,0.425000,0.200000
1.07730396,1.25000000,0.01332300,0.025922,-0.109684,0.993628,0.425000,0.250000
1.15065962,1.50000000,0.03900607,0.024174,-0.109181,0.993728,0.425000,0.300000
1.22401528,1.75000000,0.06468914,0.022321,-0.108648,0.993830,0.425000,0.350000
1.29737094,2.00000000,0.09037221,0.020351,-0.108080,0.993934,0.425000,0.400000
1.37072660,2.25000000,0.11605528,0.018253,-0.107476,0.994040,0.425000,0.450000
1.44408226,2.50000000,0.14173834,0.016016,-0.106830,0.994148,0.425000,0.500000
1.51743792,2.75000000,0.16742141,0.013623,-0.106140,0.994258,0.425000,0.550000
1.59079358,3.00000000,0.19310448,0.011059,-0.105399,0.994369,0.425000,0.600000
1.66414924,3.25000000,0.21878755,0.008304,-0.104602,0.994480,0.425000,0.650000
1.73750490,3.50000000,0.24447062,0.005337,-0.103742,0.994590,0.425000,0.700000
1.81086056,3.75000000,0.27015369,0.002131,-0.102813,0.994698,0.425000,0.750000
1.88421622,4.00000000,0.29583676,-0.001341,-0.101805,0.994803,0.425000,0.800000
1.95757188,4.25000000,0.32151983,-0.005117,-0.100707,0.994903,0.425000,0.850000
2.03092754,4.50000000,0.34720289,-0.009236,-0.099508,0.994994,0.425000,0.900000
2.10428320,4.75000000,0.37288596,-0.013748,-0.098192,0.995073,0.425000,0.950000
2.17763886,5.00000000,0.39856903,-0.018711,-0.096742,0.995134,0.425000,1.000000
0.76611725,0.00000000,-0.11669239,0.023999,-0.109442,0.993703,0.450000,0.000000
0.83808331,0.25000000,-0.09089653,0.022666,-0.109066,0.993776,0.450000,0.050000
0.91004937,0.50000000,-0.06510067,0.021263,-0.108670,0.993850,0.450000,0.100000
0.98201543,0.75000000,-0.03930481,0.019784,-0.108252,0.993927,0.450000,0.150000
1.05398149,1.00000000,-0.01350895,0.018222,-0.107810,0.994004,0.450000,0.200000
1.12594755,1.25000000,0.01228691,0.016571,-0.107343,0.994084,0.450000,0.250000
1.19791361,1.50000000,0.03808277,0.014823,-0.106848,0.994165,0.450000,0.300000
1.26987967,1.75000000,0.06387863,0.012968,-0.106323,0.994247,0.450000,0.350000
1.34184573,2.00000000,0.08967449,0.010996,-0.105764,0.994330,0.450000,0.400000
1.41381179,2.25000000,0.11547036,0.008897,-0.105168,0.994415,0.450000,0.450000
1.48577784,2.50000000,0.14126622,0.006658,-0.104532,0.994499,0.450000,0.500000
1.55774390,2.75000000,0.16706208,0.004264,-0.103852,0.994584,0.450000,0.550000
1.62970996,3.00000000,0.19285794,0.001698,-0.103122,0.994667,0.450000,0.600000
1.70167602,3.25000000,0.21865380,-0.001058,-0.102337,0.994749,0.450000,0.650000
1.77364208,3.50000000,0.24444966,-0.004027,-0.101491,0.994828,0.450000,0.700000
1.84560814,3.75000000,0.27024552,-0.007234,-0.100575,0.994903,0.450000,0.750000
1.91757420,4.00000000,0.29604138,-0.010708,-0.099582,0.994972,0.450000,0.800000
1.98954026,4.25000000,0.32183724,-0.014485,-0.098501,0.995032,0.450000,0.850000
2.06150632,4.50000000,0.34763310,-0.018606,-0.097320,0.995079,0.450000,0.900000
2.13347238,4.75000000,0.37342896,-0.023119,-0.096024,0.995111,0.450000,0.950000
2.20543843,5.00000000,0.39922482,-0.028083,-0.094596,0.995120,0.450000,1.000000
0.82210379,0.00000000,-0.11780041,0.015483,-0.107347,0.994101,0.475000,0.000000
0.89266972,0.25000000,-0.09190356,0.014150,-0.106977,0.994161,0.475000,0.050000
0.96323564,0.50000000,-0.06600671,0.012746,-0.106587,0.994222,0.475000,0.100000
1.03380157,0.75000000,-0.04010986,0.011266,-0.106175,0.994284,0.475000,0.150000
1.10436750,1.00000000,-0.01421300,0.009703,-0.105741,0.994346,0.475000,0.200000
1.17493342,1.25000000,0.01168385,0.008051,-0.105281,0.994410,0.475000,0.250000
1.24549935,1.50000000,0.03758070,0.006301,-0.104794,0.994474,0.475000,0.300000
1.31606528,1.75000000,0.06347755,0.004445,-0.104276,0.994538,0.475000,0.350000
1.38663121,2.00000000,0.08937440,0.002473,-0.103726,0.994603,0.475000,0.400000
1.45719713,2.25000000,0.11527126,0.000373,-0.103140,0.994667,0.475000,0.450000
1.52776306,2.50000000,0.14116811,-0.001868,-0.102514,0.994730,0.475000,0.500000
1.59832899,2.75000000,0.16706496,-0.004263,-0.101845,0.994791,0.475000,0.550000
1.66889491,3.00000000,0.19296181,-0.006830,-0.101126,0.994850,0.475000,0.600000
1.73946084,3.25000000,0.21885866,-0.009587,-0.100354,0.994906,0.475000,0.650000
1.81002677,3.50000000,0.24475552,-0.012557,-0.099521,0.994956,0.475000,0.700000
1.88059270,3.75000000,0.27065237,-0.015765,-0.098620,0.995000,0.475000,0.750000
1.95115862,4.00000000,0.29654922,-0.019241,-0.097642,0.995036,0.475000,0.800000
2.02172455,4.25000000,0.32244607,-0.023019,-0.096578,0.995059,0.475000,0.850000
2.09229048,4.50000000,0.34834292,-0.027140,-0.095416,0.995067,0.475000,0.900000
2.16285640,4.75000000,0.37423977,-0.031654,-0.094140,0.995056,0.475000,0.950000
2.23342233,5.00000000,0.40013663,-0.036619,-0.092735,0.995017,0.475000,1.000000
0.87838796,0.00000000,-0.11845414,0.007743,-0.105506,0.994389,0.500000,0.000000
0.94754571,0.25000000,-0.09246728,0.006409,-0.105142,0.994437,0.500000,0.050000
1.01670346,0.50000000,-0.06648042,0.005004,-0.104758,0.994485,0.500000,0.100000
1.08586121,0.75000000,-0.04049356,0.003523,-0.104354,0.994534,0.500000,0.150000
1.15501896,1.00000000,-0.01450670,0.001960,-0.103926,0.994583,0.500000,0.200000
1.22417671,1.25000000,0.01148016,0.000307,-0.103474,0.994632,0.500000,0.250000
1.29333446,1.50000000,0.03746702,-0.001444,-0.102995,0.994681,0.500000,0.300000
1.36249221,1.75000000,0.06345388,-0.003301,-0.102486,0.994729,0.500000,0.350000
1.43164996,2.00000000,0.08944074,-0.005274,-0.101946,0.994776,0.500000,0.400000
1.50080771,2.25000000,0.11542760,-0.007375,-0.101369,0.994822,0.500000,0.450000
1.56996546,2.50000000,0.14141446,-0.009616,-0.100754,0.994865,0.500000,0.500000
1.63912321,2.75000000,0.16740132,-0.012012,-0.100095,0.994905,0.500000,0.550000
1.70828096,3.00000000,0.19338818,-0.014580,-0.099388,0.994942,0.500000,0.600000
1.77743871,3.25000000,0.21937504,-0.017338,-0.098629,0.994973,0.500000,0.650000
1.84659646,3.50000000,0.24536190,-0.020309,-0.097809,0.994998,0.500000,0.700000
1.91575421,3.75000000,0.27134876,-0.023517,-0.096924,0.995014,0.500000,0.750000
1.98491196,4.00000000,0.29733562,-0.026994,-0.095962,0.995019,0.500000,0.800000
2.05406971,4.25000000,0.32332248,-0.030772,-0.094916,0.995010,0.500000,0.850000
2.12322746,4.50000000,0.34930934,-0.034894,-0.093773,0.994982,0.500000,0.900000
2.19238521,4.75000000,0.37529620,-0.039408,-0.092519,0.994931,0.500000,0.950000
2.26154296,5.00000000,0.40128306,-0.044373,-0.091137,0.994849,0.500000,1.000000
0.93487283,0.00000000,-0.11869071,0.000689,-0.103889,0.994589,0.525000,0.000000
1.00261683,0.25000000,-0.09262402,-0.000645,-0.103532,0.994626,0.525000,0.050000
1.07036084,0.50000000,-0.06655734,-0.002050,-0.103155,0.994663,0.525000,0.100000
1.13810484,0.75000000,-0.04049065,-0.003532,-0.102757,0.994700,0.525000,0.150000
1.20584884,1.00000000,-0.01442396,-0.005096,-0.102337,0.994737,0.525000,0.200000
1.27359284,1.25000000,0.01164272,-0.006749,-0.101893,0.994772,0.525000,0.250000
1.34133685,1.50000000,0.03770941,-0.008500,-0.101422,0.994807,0.525000,0.300000
1.40908085,1.75000000,0.06377610,-0.010358,-0.100922,0.994840,0.525000,0.350000
1.47682485,2.00000000,0.08984278,-0.012332,-0.100390,0.994872,0.525000,0.400000
1.54456885,2.25000000,0.11590947,-0.014433,-0.099824,0.994900,0.525000,0.450000
1.61231286,2.50000000,0.14197616,-0.016675,-0.099219,0.994926,0.525000,0.500000
1.68005686,2.75000000,0.16804284,-0.019072,-0.098572,0.994947,0.525000,0.550000
1.74780086,3.00000000,0.19410953,-0.021640,-0.097878,0.994963,0.525000,0.600000
1.81554486,3.25000000,0.22017622,-0.024398,-0.097131,0.994972,0.525000,0.650000
1.88328886,3.50000000,0.24624290,-0.027370,-0.096326,0.994973,0.525000,0.700000
1.95103287,3.75000000,0.27230959,-0.030579,-0.095456,0.994964,0.525000,0.750000
2.01877687,4.00000000,0.29837628,-0.034055,-0.094511,0.994941,0.525000,0.800000
2.08652087,4.25000000,0.32444296,-0.037834,-0.093483,0.994902,0.525000,0.850000
2.15426487,4.50000000,0.35050965,-0.041956,-0.092360,0.994841,0.525000,0.900000
2.22200888,4.75000000,0.37657634,-0.046471,-0.091127,0.994754,0.525000,0.950000
2.28975288,5.00000000,0.40264303,-0.051435,-0.089770,0.994634,0.525000,1.000000
0.99146234,0.00000000,-0.11854275,-0.005799,-0.102458,0.994720,0.550000,0.000000
1.05778947,0.25000000,-0.09240572,-0.007134,-0.102106,0.994748,0.550000,0.050000
1.12411660,0.50000000,-0.06626870,-0.008540,-0.101736,0.994775,0.550000,0.100000
1.19044373,0.75000000,-0.04013167,-0.010022,-0.101346,0.994801,0.550000,0.150000
1.25677087,1.00000000,-0.01399465,-0.011586,-0.100933,0.994826,0.550000,0.200000
1.32309800,1.25000000,0.01214237,-0.013240,-0.100497,0.994849,0.550000,0.250000
1.38942513,1.50000000,0.03827940,-0.014992,-0.100034,0.994871,0.550000,0.300000
1.45575226,1.75000000,0.06441642,-0.016849,-0.099544,0.994891,0.550000,0.350000
1.52207940,2.00000000,0.09055345,-0.018824,-0.099022,0.994907,0.550000,0.400000
1.58840653,2.25000000,0.11669047,-0.020925,-0.098465,0.994920,0.550000,0.450000
1.65473366,2.50000000,0.14282750,-0.023168,-0.097871,0.994929,0.550000,0.500000
1.72106079,2.75000000,0.16896452,-0.025565,-0.097236,0.994933,0.550000,0.550000
1.78738792,3.00000000,0.19510154,-0.028133,-0.096554,0.994930,0.550000,0.600000
1.85371506,3.25000000,0.22123857,-0.030892,-0.095821,0.994919,0.550000,0.650000
1.92004219,3.50000000,0.24737559,-0.033864,-0.095030,0.994898,0.550000,0.700000
1.98636932,3.75000000,0.27351262,-0.037073,-0.094175,0.994865,0.550000,0.750000
2.05269645,4.00000000,0.29964964,-0.040550,-0.093248,0.994817,0.550000,0.800000
2.11902359,4.25000000,0.32578667,-0.044328,-0.092238,0.994750,0.550000,0.850000
2.18535072,4.50000000,0.35192369,-0.048450,-0.091135,0.994659,0.550000,0.900000
2.25167785,4.75000000,0.37806071,-0.052964,-0.089925,0.994539,0.550000,0.950000
2.31800498,5.00000000,0.40419774,-0.057928,-0.088592,0.994382,0.550000,1.000000
1.04806247,0.00000000,-0.11804231,-0.011676,-0.101217,0.994796,0.575000,0.000000
1.11297200,0.25000000,-0.09184376,-0.013011,-0.100872,0.994814,0.575000,0.050000
1.17788154,0.50000000,-0.06564521,-0.014417,-0.100509,0.994832,0.575000,0.100000
1.24279107,0.75000000,-0.03944665,-0.015899,-0.100126,0.994848,0.575000,0.150000
1.30770061,1.00000000,-0.01324810,-0.017464,-0.099721,0.994862,0.575000,0.200000
1.37261014,1.25000000,0.01295045,-0.019118,-0.099293,0.994875,0.575000,0.250000
1.43751968,1.50000000,0.03914900,-0.020870,-0.098839,0.994885,0.575000,0.300000
1.50242921,1.75000000,0.06534755,-0.022728,-0.098358,0.994892,0.575000,0.350000
1.56733875,2.00000000,0.09154610,-0.024703,-0.097845,0.994895,0.575000,0.400000
1.63224828,2.25000000,0.11774466,-0.026805,-0.097300,0.994894,0.575000,0.450000
1.69715782,2.50000000,0.14394321,-0.029047,-0.096717,0.994888,0.575000,0.500000
1.76206735,2.75000000,0.17014176,-0.031444,-0.096093,0.994876,0.575000,0.550000
1.82697689,3.00000000,0.19634031,-0.034013,-0.095424,0.994855,0.575000,0.600000
1.89188642,3.25000000,0.22253886,-0.036772,-0.094705,0.994826,0.575000,0.650000
1.95679596,3.50000000,0.24873742,-0.039744,-0.093929,0.994785,0.575000,0.700000
2.02170549,3.75000000,0.27493597,-0.042953,-0.093090,0.994731,0.575000,0.750000
2.08661503,4.00000000,0.30113452,-0.046429,-0.092180,0.994659,0.575000,0.800000
2.15152456,4.25000000,0.32733307,-0.050208,-0.091189,0.994567,0.575000,0.850000
2.21643410,4.50000000,0.35353162,-0.054330,-0.090106,0.994449,0.575000,0.900000
2.28134363,4.75000000,0.37973017,-0.058843,-0.088919,0.994299,0.575000,0.950000
2.34625317,5.00000000,0.40592873,-0.063806,-0.087610,0.994109,0.575000,1.000000
1.10458693,0.00000000,-0.11722827,-0.016870,-0.100181,0.994826,0.600000,0.000000
1.16808035,0.25000000,-0.09097614,-0.018206,-0.099843,0.994837,0.600000,0.050000
1.23157377,0.50000000,-0.06472401,-0.019612,-0.099486,0.994846,0.600000,0.100000
1.29506720,0.75000000,-0.03847188,-0.021094,-0.099111,0.994853,0.600000,0.150000
1.35856062,1.00000000,-0.01221975,-0.022659,-0.098714,0.994858,0.600000,0.200000
1.42205404,1.25000000,0.01403238,-0.024313,-0.098294,0.994860,0.600000,0.250000
1.48554746,1.50000000,0.04028450,-0.026065,-0.097849,0.994860,0.600000,0.300000
1.54904088,1.75000000,0.06653663,-0.027924,-0.097376,0.994856,0.600000,0.350000
1.61253430,2.00000000,0.09278876,-0.029898,-0.096874,0.994847,0.600000,0.400000
1.67602773,2.25000000,0.11904089,-0.032000,-0.096339,0.994834,0.600000,0.450000
1.73952115,2.50000000,0.14529302,-0.034243,-0.095767,0.994815,0.600000,0.500000
1.80301457,2.75000000,0.17154515,-0.036640,-0.095156,0.994788,0.600000,0.550000
1.86650799,3.00000000,0.19779728,-0.039209,-0.094499,0.994752,0.600000,0.600000
1.93000141,3.25000000,0.22404941,-0.041968,-0.093794,0.994707,0.600000,0.650000
1.99349483,3.50000000,0.25030154,-0.044939,-0.093033,0.994648,0.600000,0.700000
2.05698826,3.75000000,0.27655367,-0.048148,-0.092210,0.994575,0.600000,0.750000
2.12048168,4.00000000,0.30280580,-0.051625,-0.091318,0.994483,0.600000,0.800000
2.18397510,4.25000000,0.32905793,-0.055403,-0.090346,0.994368,0.600000,0.850000
2.24746852,4.50000000,0.35531006,-0.059524,-0.089285,0.994226,0.600000,0.900000
2.31096194,4.75000000,0.38156219,-0.064037,-0.088120,0.994049,0.600000,0.950000
2.37445536,5.00000000,0.40781432,-0.068999,-0.086837,0.993830,0.600000,1.000000
1.16094620,0.00000000,-0.11613284,-0.021811,-0.099233,0.994825,0.625000,0.000000
1.22302727,0.25000000,-0.08983440,-0.023147,-0.098902,0.994828,0.625000,0.050000
1.28510835,0.50000000,-0.06353595,-0.024553,-0.098553,0.994829,0.625000,0.100000
1.34718943,0.75000000,-0.03723750,-0.026036,-0.098184,0.994828,0.625000,0.150000
1.40927050,1.00000000,-0.01093906,-0.027601,-0.097795,0.994824,0.625000,0.200000
1.47135158,1.25000000,0.01535939,-0.029255,-0.097384,0.994817,0.625000,0.250000
1.53343265,1.50000000,0.04165784,-0.031007,-0.096948,0.994806,0.625000,0.300000
1.59551373,1.75000000,0.06795628,-0.032865,-0.096485,0.994792,0.625000,0.350000
1.65759480,2.00000000,0.09425473,-0.034840,-0.095992,0.994772,0.625000,0.400000
1.71967588,2.25000000,0.12055318,-0.036942,-0.095468,0.994747,0.625000,0.450000
1.78175696,2.50000000,0.14685162,-0.039185,-0.094907,0.994715,0.625000,0.500000
1.84383803,2.75000000,0.17315007,-0.041582,-0.094308,0.994674,0.625000,0.550000
1.90591911,3.00000000,0.19944852,-0.044151,-0.093665,0.994624,0.625000,0.600000
1.96800018,3.25000000,0.22574696,-0.046910,-0.092973,0.994563,0.625000,0.650000
2.03008126,3.50000000,0.25204541,-0.049881,-0.092227,0.994488,0.625000,0.700000
2.09216233,3.75000000,0.27834386,-0.053090,-0.091421,0.994396,0.625000,0.750000
2.15424341,4.00000000,0.30464230,-0.056566,-0.090546,0.994285,0.625000,0.800000
2.21632449,4.25000000,0.33094075,-0.060343,-0.089594,0.994149,0.625000,0.850000
2.27840556,4.50000000,0.35723920,-0.064464,-0.088553,0.993983,0.625000,0.900000
2.34048664,4.75000000,0.38353764,-0.068975,-0.087411,0.993781,0.625000,0.950000
2.40256771,5.00000000,0.40983609,-0.073937,-0.086153,0.993535,0.625000,1.000000
1.21703478,0.00000000,-0.11476298,-0.026773,-0.098304,0.994796,0.650000,0.000000
1.27770993,0.25000000,-0.08842544,-0.028109,-0.097979,0.994791,0.650000,0.050000
1.33838508,0.50000000,-0.06208790,-0.029515,-0.097637,0.994784,0.650000,0.100000
1.39906023,0.75000000,-0.03575036,-0.030998,-0.097277,0.994775,0.650000,0.150000
1.45973537,1.00000000,-0.00941282,-0.032563,-0.096895,0.994762,0.650000,0.200000
1.52041052,1.25000000,0.01692472,-0.034217,-0.096492,0.994745,0.650000,0.250000
1.58108567,1.50000000,0.04326226,-0.035969,-0.096065,0.994725,0.650000,0.300000
1.64176081,1.75000000,0.06959980,-0.037828,-0.095611,0.994700,0.650000,0.350000
1.70243596,2.00000000,0.09593734,-0.039802,-0.095128,0.994669,0.650000,0.400000
1.76311111,2.25000000,0.12227488,-0.041904,-0.094614,0.994632,0.650000,0.450000
1.82378626,2.50000000,0.14861242,-0.044147,-0.094065,0.994587,0.650000,0.500000
1.88446140,2.75000000,0.17494996,-0.046544,-0.093478,0.994533,0.650000,0.550000
1.94513655,3.00000000,0.20128749,-0.049113,-0.092848,0.994468,0.650000,0.600000
2.00581170,3.25000000,0.22762503,-0.051871,-0.092170,0.994391,0.650000,0.650000
2.06648684,3.50000000,0.25396257,-0.054842,-0.091439,0.994299,0.650000,0.700000
2.12716199,3.75000000,0.28030011,-0.058051,-0.090649,0.994190,0.650000,0.750000
2.18783714,4.00000000,0.30663765,-0.061526,-0.089792,0.994058,0.650000,0.800000
2.24851229,4.25000000,0.33297519,-0.065303,-0.088859,0.993901,0.650000,0.850000
2.30918743,4.50000000,0.35931273,-0.069423,-0.087839,0.993713,0.650000,0.900000
2.36986258,4.75000000,0.38565027,-0.073934,-0.086720,0.993486,0.650000,0.950000
2.43053773,5.00000000,0.41198781,-0.078894,-0.085487,0.993211,0.650000,1.000000
1.27275400,0.00000000,-0.11313645,-0.031179,-0.097531,0.994744,0.675000,0.000000
1.33203212,0.25000000,-0.08676672,-0.032515,-0.097213,0.994732,0.675000,0.050000
1.39131025,0.50000000,-0.06039700,-0.033922,-0.096879,0.994718,0.675000,0.100000
1.45058838,0.75000000,-0.03402728,-0.035404,-0.096525,0.994701,0.675000,0.150000
1.50986651,1.00000000,-0.00765755,-0.036969,-0.096152,0.994680,0.675000,0.200000
1.56914464,1.25000000,0.01871217,-0.038624,-0.095757,0.994655,0.675000,0.250000
1.62842277,1.50000000,0.04508189,-0.040376,-0.095338,0.994626,0.675000,0.300000
1.68770090,1.75000000,0.07145162,-0.042234,-0.094894,0.994591,0.675000,0.350000
1.74697903,2.00000000,0.09782134,-0.044209,-0.094422,0.994550,0.675000,0.400000
1.80625716,2.25000000,0.12419106,-0.046311,-0.093918,0.994502,0.675000,0.450000
1.86553529,2.50000000,0.15056078,-0.048553,-0.093381,0.994446,0.675000,0.500000
1.92481342,2.75000000,0.17693051,-0.050950,-0.092805,0.994380,0.675000,0.550000
1.98409155,3.00000000,0.20330023,-0.053518,-0.092188,0.994302,0.675000,0.600000
2.04336968,3.25000000,0.22966995,-0.056277,-0.091524,0.994211,0.675000,0.650000
2.10264781,3.50000000,0.25603968,-0.059247,-0.090809,0.994104,0.675000,0.700000
2.16192594,3.75000000,0.28240940,-0.062455,-0.090035,0.993978,0.675000,0.750000
2.22120407,4.00000000,0.30877912,-0.065930,-0.089195,0.993830,0.675000,0.800000
2.28048220,4.25000000,0.33514885,-0.069706,-0.088281,0.993654,0.675000,0.850000
2.33976033,4.50000000,0.36151857,-0.073825,-0.087283,0.993444,0.675000,0.900000
2.39903846,4.75000000,0.38788829,-0.078335,-0.086187,0.993195,0.675000,0.950000
2.45831659,5.00000000,0.41425802,-0.083294,-0.084980,0.992895,0.675000,1.000000
1.32802242,0.00000000,-0.11129912,-0.034904,-0.096940,0.994678,0.700000,0.000000
1.38591455,0.25000000,-0.08490308,-0.036240,-0.096628,0.994661,0.700000,0.050000
1.44380667,0.50000000,-0.05850704,-0.037646,-0.096301,0.994640,0.700000,0.100000
1.50169879,0.75000000,-0.03211100,-0.039129,-0.095955,0.994616,0.700000,0.150000
1.55959091,1.00000000,-0.00571496,-0.040694,-0.095589,0.994589,0.700000,0.200000
1.61748303,1.25000000,0.02068108,-0.042348,-0.095203,0.994557,0.700000,0.250000
1.67537515,1.50000000,0.04707712,-0.044100,-0.094793,0.994520,0.700000,0.300000
1.73326727,1.75000000,0.07347316,-0.045958,-0.094359,0.994477,0.700000,0.350000
1.79115940,2.00000000,0.09986920,-0.047933,-0.093896,0.994427,0.700000,0.400000
1.84905152,2.25000000,0.12626524,-0.050035,-0.093403,0.994370,0.700000,0.450000
1.90694364,2.50000000,0.15266128,-0.052277,-0.092877,0.994304,0.700000,0.500000
1.96483576,2.75000000,0.17905732,-0.054674,-0.092314,0.994228,0.700000,0.550000
2.02272788,3.00000000,0.20545336,-0.057241,-0.091710,0.994139,0.700000,0.600000
2.08062000,3.25000000,0.23184940,-0.060000,-0.091060,0.994036,0.700000,0.650000
2.13851212,3.50000000,0.25824544,-0.062970,-0.090360,0.993916,0.700000,0.700000
2.19640425,3.75000000,0.28464149,-0.066177,-0.089603,0.993777,0.700000,0.750000
2.25429637,4.00000000,0.31103753,-0.069651,-0.088781,0.993613,0.700000,0.800000
2.31218849,4.25000000,0.33743357,-0.073427,-0.087886,0.993421,0.700000,0.850000
2.37008061,4.50000000,0.36382961,-0.077545,-0.086909,0.993194,0.700000,0.900000
2.42797273,4.75000000,0.39022565,-0.082054,-0.085836,0.992925,0.700000,0.950000
2.48586485,5.00000000,0.41662169,-0.087011,-0.084654,0.992604,0.700000,1.000000
1.38273417,0.00000000,-0.10927513,-0.038743,-0.096338,0.994594,0.725000,0.000000
1.43925398,0.25000000,-0.08285817,-0.040079,-0.096033,0.994571,0.725000,0.050000
1.49577378,0.50000000,-0.05644122,-0.041485,-0.095712,0.994544,0.725000,0.100000
1.55229359,0.75000000,-0.03002426,-0.042967,-0.095374,0.994514,0.725000,0.150000
1.60881339,1.00000000,-0.00360731,-0.044532,-0.095017,0.994479,0.725000,0.200000
1.66533320,1.25000000,0.02280965,-0.046187,-0.094638,0.994440,0.725000,0.250000
1.72185300,1.50000000,0.04922661,-0.047938,-0.094238,0.994395,0.725000,0.300000
1.77837281,1.75000000,0.07564356,-0.049796,-0.093812,0.994344,0.725000,0.350000
1.83489261,2.00000000,0.10206052,-0.051771,-0.093360,0.994286,0.725000,0.400000
1.89141242,2.25000000,0.12847747,-0.053872,-0.092878,0.994219,0.725000,0.450000
1.94793222,2.50000000,0.15489443,-0.056114,-0.092363,0.994143,0.725000,0.500000
2.00445203,2.75000000,0.18131139,-0.058511,-0.091812,0.994056,0.725000,0.550000
2.06097183,3.00000000,0.20772834,-0.061078,-0.091221,0.993956,0.725000,0.600000
2.11749164,3.25000000,0.23414530,-0.063836,-0.090585,0.993841,0.725000,0.650000
2.17401144,3.50000000,0.26056225,-0.066806,-0.089900,0.993708,0.725000,0.700000
2.23053125,3.75000000,0.28697921,-0.070013,-0.089158,0.993554,0.725000,0.750000
2.28705105,4.00000000,0.31339616,-0.073486,-0.088354,0.993375,0.725000,0.800000
2.34357086,4.25000000,0.33981312,-0.077261,-0.087478,0.993166,0.725000,0.850000
2.40009066,4.50000000,0.36623008,-0.081378,-0.086522,0.992921,0.725000,0.900000
2.45661047,4.75000000,0.39264703,-0.085886,-0.085472,0.992632,0.725000,0.950000
2.51313027,5.00000000,0.41906399,-0.090842,-0.084316,0.992290,0.725000,1.000000
1.43675684,0.00000000,-0.10706198,-0.042698,-0.095725,0.994492,0.750000,0.000000
1.49192133,0.25000000,-0.08062974,-0.044034,-0.095427,0.994462,0.750000,0.050000
1.54708582,0.50000000,-0.05419751,-0.045440,-0.095113,0.994429,0.750000,0.100000
1.60225032,0.75000000,-0.02776528,-0.046923,-0.094782,0.994392,0.750000,0.150000
1.65741481,1.00000000,-0.00133304,-0.048488,-0.094432,0.994350,0.750000,0.200000
1.71257930,1.25000000,0.02509919,-0.050142,-0.094062,0.994303,0.750000,0.250000
1.76774379,1.50000000,0.05153143,-0.051893,-0.093670,0.994250,0.750000,0.300000
1.82290828,1.75000000,0.07796366,-0.053751,-0.093254,0.994190,0.750000,0.350000
1.87807277,2.00000000,0.10439590,-0.055725,-0.092811,0.994123,0.750000,0.400000
1.93323727,2.25000000,0.13082813,-0.057827,-0.092340,0.994047,0.750000,0.450000
1.98840176,2.50000000,0.15726037,-0.060068,-0.091836,0.993961,0.750000,0.500000
2.04356625,2.75000000,0.18369260,-0.062465,-0.091297,0.993863,0.750000,0.550000
2.09873074,3.00000000,0.21012484,-0.065032,-0.090718,0.993751,0.750000,0.600000
2.15389523,3.25000000,0.23655707,-0.067789,-0.090097,0.993623,0.750000,0.650000
2.20905972,3.50000000,0.26298930,-0.070758,-0.089426,0.993477,0.750000,0.700000
2.26422422,3.75000000,0.28942154,-0.073965,-0.088701,0.993308,0.750000,0.750000
2.31938871,4.00000000,0.31585377,-0.077437,-0.087914,0.993114,0.750000,0.800000
2.37455320,4.25000000,0.34228601,-0.081211,-0.087057,0.992888,0.750000,0.850000
2.42971769,4.50000000,0.36871824,-0.085327,-0.086121,0.992624,0.750000,0.900000
2.48488218,4.75000000,0.39515048,-0.089834,-0.085094,0.992315,0.750000,0.950000
2.54004667,5.00000000,0.42158271,-0.094788,-0.083962,0.991950,0.750000,1.000000
1.49000647,0.00000000,-0.10468149,-0.046123,-0.095244,0.994385,0.775000,0.000000
1.54383478,0.25000000,-0.07823918,-0.047459,-0.094953,0.994350,0.775000,0.050000
1.59766309,0.50000000,-0.05179687,-0.048865,-0.094646,0.994311,0.775000,0.100000
1.65149140,0.75000000,-0.02535455,-0.050347,-0.094323,0.994268,0.775000,0.150000
1.70531971,1.00000000,0.00108776,-0.051911,-0.093981,0.994220,0.775000,0.200000
1.75914803,1.25000000,0.02753007,-0.053566,-0.093619,0.994166,0.775000,0.250000
1.81297634,1.50000000,0.05397238,-0.055317,-0.093235,0.994106,0.775000,0.300000
1.86680465,1.75000000,0.08041470,-0.057175,-0.092828,0.994039,0.775000,0.350000
1.92063296,2.00000000,0.10685701,-0.059149,-0.092395,0.993964,0.775000,0.400000
1.97446127,2.25000000,0.13329932,-0.061250,-0.091934,0.993880,0.775000,0.450000
2.02828959,2.50000000,0.15974163,-0.063491,-0.091441,0.993784,0.775000,0.500000
2.08211790,2.75000000,0.18618395,-0.065887,-0.090914,0.993677,0.775000,0.550000
2.13594621,3.00000000,0.21262626,-0.068454,-0.090349,0.993555,0.775000,0.600000
2.18977452,3.25000000,0.23906857,-0.071211,-0.089740,0.993416,0.775000,0.650000
2.24360283,3.50000000,0.26551088,-0.074179,-0.089084,0.993258,0.775000,0.700000
2.29743115,3.75000000,0.29195320,-0.077385,-0.088375,0.993077,0.775000,0.750000
2.35125946,4.00000000,0.31839551,-0.080857,-0.087605,0.992868,0.775000,0.800000
2.40508777,4.25000000,0.34483782,-0.084630,-0.086767,0.992627,0.775000,0.850000
2.45891608,4.50000000,0.37128013,-0.088745,-0.085852,0.992348,0.775000,0.900000
2.51274439,4.75000000,0.39772245,-0.093250,-0.084847,0.992021,0.775000,0.950000
2.56657271,5.00000000,0.42416476,-0.098204,-0.083740,0.991637,0.775000,1.000000
1.54239335,0.00000000,-0.10216905,-0.049304,-0.094829,0.994272,0.800000,0.000000
1.59490691,0.25000000,-0.07572109,-0.050639,-0.094545,0.994232,0.800000,0.050000
1.64742047,0.50000000,-0.04927313,-0.052045,-0.094245,0.994188,0.800000,0.100000
1.69993403,0.75000000,-0.02282517,-0.053527,-0.093928,0.994139,0.800000,0.150000
1.75244758,1.00000000,0.00362278,-0.055092,-0.093594,0.994085,0.800000,0.200000
1.80496114,1.25000000,0.03007074,-0.056746,-0.093240,0.994025,0.800000,0.250000
1.85747470,1.50000000,0.05651870,-0.058497,-0.092865,0.993959,0.800000,0.300000
1.90998826,1.75000000,0.08296666,-0.060355,-0.092467,0.993885,0.800000,0.350000
1.96250181,2.00000000,0.10941462,-0.062328,-0.092044,0.993802,0.800000,0.400000
2.01501537,2.25000000,0.13586258,-0.064429,-0.091593,0.993710,0.800000,0.450000
2.06752893,2.50000000,0.16231053,-0.066670,-0.091111,0.993606,0.800000,0.500000
2.12004249,2.75000000,0.18875849,-0.069066,-0.090596,0.993490,0.800000,0.550000
2.17255605,3.00000000,0.21520645,-0.071632,-0.090043,0.993359,0.800000,0.600000
2.22506960,3.25000000,0.24165441,-0.074388,-0.089448,0.993210,0.800000,0.650000
2.27758316,3.50000000,0.26810237,-0.077356,-0.088807,0.993040,0.800000,0.700000
2.33009672,3.75000000,0.29455033,-0.080561,-0.088113,0.992847,0.800000,0.750000
2.38261028,4.00000000,0.32099828,-0.084033,-0.087360,0.992626,0.800000,0.800000
2.43512383,4.25000000,0.34744624,-0.087805,-0.086541,0.992371,0.800000,0.850000
2.48763739,4.50000000,0.37389420,-0.091919,-0.085646,0.992076,0.800000,0.900000
2.54015095,4.75000000,0.40034216,-0.096423,-0.084663,0.991733,0.800000,0.950000
2.59266451,5.00000000,0.42679012,-0.101375,-0.083581,0.991331,0.800000,1.000000
1.59362224,0.00000000,-0.09954054,-0.052791,-0.094359,0.994138,0.825000,0.000000
1.64484988,0.25000000,-0.07309135,-0.054126,-0.094081,0.994092,0.825000,0.050000
1.69607753,0.50000000,-0.04664217,-0.055532,-0.093787,0.994042,0.825000,0.100000
1.74730517,0.75000000,-0.02019299,-0.057014,-0.093478,0.993988,0.825000,0.150000
1.79853281,1.00000000,0.00625620,-0.058578,-0.093151,0.993927,0.825000,0.200000
1.84976045,1.25000000,0.03270538,-0.060232,-0.092805,0.993861,0.825000,0.250000
1.90098809,1.50000000,0.05915456,-0.061983,-0.092438,0.993787,0.825000,0.300000
1.95221573,1.75000000,0.08560375,-0.063840,-0.092049,0.993706,0.825000,0.350000
2.00344337,2.00000000,0.11205293,-0.065814,-0.091635,0.993615,0.825000,0.400000
2.05467101,2.25000000,0.13850211,-0.067914,-0.091194,0.993515,0.825000,0.450000
2.10589865,2.50000000,0.16495130,-0.070155,-0.090723,0.993402,0.825000,0.500000
2.15712630,2.75000000,0.19140048,-0.072550,-0.090219,0.993276,0.825000,0.550000
2.20835394,3.00000000,0.21784966,-0.075116,-0.089678,0.993134,0.825000,0.600000
2.25958158,3.25000000,0.24429885,-0.077871,-0.089097,0.992974,0.825000,0.650000
2.31080922,3.50000000,0.27074803,-0.080839,-0.088470,0.992793,0.825000,0.700000
2.36203686,3.75000000,0.29719721,-0.084043,-0.087791,0.992587,0.825000,0.750000
2.41326450,4.00000000,0.32364640,-0.087514,-0.087055,0.992352,0.825000,0.800000
2.46449214,4.25000000,0.35009558,-0.091285,-0.086254,0.992082,0.825000,0.850000
2.51571978,4.50000000,0.37654476,-0.095398,-0.085378,0.991771,0.825000,0.900000
2.56694742,4.75000000,0.40299395,-0.099900,-0.084417,0.991410,0.825000,0.950000
2.61817507,5.00000000,0.42944313,-0.104851,-0.083358,0.990988,0.825000,1.000000
1.64362451,0.00000000,-0.09679355,-0.056451,-0.093863,0.993983,0.850000,0.000000
1.69359679,0.25000000,-0.07034771,-0.057787,-0.093591,0.993932,0.850000,0.050000
1.74356907,0.50000000,-0.04390187,-0.059192,-0.093304,0.993877,0.850000,0.100000
1.79354135,0.75000000,-0.01745604,-0.060674,-0.093001,0.993816,0.850000,0.150000
1.84351362,1.00000000,0.00898980,-0.062238,-0.092681,0.993749,0.850000,0.200000
1.89348590,1.25000000,0.03543564,-0.063892,-0.092343,0.993675,0.850000,0.250000
1.94345818,1.50000000,0.06188148,-0.065642,-0.091985,0.993594,0.850000,0.300000
1.99343045,1.75000000,0.08832731,-0.067499,-0.091604,0.993505,0.850000,0.350000
2.04340273,2.00000000,0.11477315,-0.069472,-0.091199,0.993406,0.850000,0.400000
2.09337501,2.25000000,0.14121899,-0.071573,-0.090768,0.993297,0.850000,0.450000
2.14334728,2.50000000,0.16766483,-0.073813,-0.090307,0.993175,0.850000,0.500000
2.19331956,2.75000000,0.19411066,-0.076207,-0.089814,0.993039,0.850000,0.550000
2.24329184,3.00000000,0.22055650,-0.078773,-0.089285,0.992886,0.850000,0.600000
2.29326412,3.25000000,0.24700234,-0.081528,-0.088716,0.992715,0.850000,0.650000
2.34323639,3.50000000,0.27344818,-0.084494,-0.088103,0.992521,0.850000,0.700000
2.39320867,3.75000000,0.29989401,-0.087698,-0.087439,0.992302,0.850000,0.750000
2.44318095,4.00000000,0.32633985,-0.091167,-0.086719,0.992053,0.850000,0.800000
2.49315322,4.25000000,0.35278569,-0.094938,-0.085935,0.991767,0.850000,0.850000
2.54312550,4.50000000,0.37923153,-0.099049,-0.085079,0.991439,0.850000,0.900000
2.59309778,4.75000000,0.40567736,-0.103550,-0.084139,0.991059,0.850000,0.950000
2.64307005,5.00000000,0.43212320,-0.108499,-0.083103,0.990617,0.850000,1.000000
1.69284648,0.00000000,-0.09391141,-0.059699,-0.093462,0.993831,0.875000,0.000000
1.74158275,0.25000000,-0.06747332,-0.061034,-0.093196,0.993775,0.875000,0.050000
1.79031902,0.50000000,-0.04103523,-0.062440,-0.092915,0.993714,0.875000,0.100000
1.83905529,0.75000000,-0.01459714,-0.063921,-0.092619,0.993648,0.875000,0.150000
1.88779156,1.00000000,0.01184094,-0.065485,-0.092307,0.993575,0.875000,0.200000
1.93652783,1.25000000,0.03827903,-0.067138,-0.091976,0.993495,0.875000,0.250000
1.98526410,1.50000000,0.06471712,-0.068889,-0.091626,0.993408,0.875000,0.300000
2.03400037,1.75000000,0.09115520,-0.070745,-0.091254,0.993312,0.875000,0.350000
2.08273664,2.00000000,0.11759329,-0.072718,-0.090858,0.993205,0.875000,0.400000
2.13147291,2.25000000,0.14403138,-0.074818,-0.090436,0.993088,0.875000,0.450000
2.18020918,2.50000000,0.17046947,-0.077058,-0.089986,0.992958,0.875000,0.500000
2.22894545,2.75000000,0.19690755,-0.079452,-0.089504,0.992812,0.875000,0.550000
2.27768172,3.00000000,0.22334564,-0.082016,-0.088986,0.992650,0.875000,0.600000
2.32641800,3.25000000,0.24978373,-0.084771,-0.088430,0.992469,0.875000,0.650000
2.37515427,3.50000000,0.27622181,-0.087737,-0.087830,0.992264,0.875000,0.700000
2.42389054,3.75000000,0.30265990,-0.090940,-0.087182,0.992033,0.875000,0.750000
2.47262681,4.00000000,0.32909799,-0.094408,-0.086478,0.991770,0.875000,0.800000
2.52136308,4.25000000,0.35553607,-0.098178,-0.085711,0.991471,0.875000,0.850000
2.57009935,4.50000000,0.38197416,-0.102288,-0.084874,0.991127,0.875000,0.900000
2.61883562,4.75000000,0.40841225,-0.106788,-0.083954,0.990731,0.875000,0.950000
2.66757189,5.00000000,0.43485034,-0.111735,-0.082941,0.990271,0.875000,1.000000
1.73973174,0.00000000,-0.09106035,-0.060781,-0.093490,0.993763,0.900000,0.000000
1.78729055,0.25000000,-0.06463229,-0.062116,-0.093230,0.993705,0.900000,0.050000
1.83484935,0.50000000,-0.03820423,-0.063521,-0.092956,0.993642,0.900000,0.100000
1.88240815,0.75000000,-0.01177618,-0.065003,-0.092667,0.993573,0.900000,0.150000
1.92996695,1.00000000,0.01465188,-0.066566,-0.092362,0.993498,0.900000,0.200000
1.97752576,1.25000000,0.04107994,-0.068219,-0.092038,0.993416,0.900000,0.250000
2.02508456,1.50000000,0.06750800,-0.069970,-0.091696,0.993326,0.900000,0.300000
2.07264336,1.75000000,0.09393605,-0.071826,-0.091332,0.993227,0.900000,0.350000
2.12020216,2.00000000,0.12036411,-0.073799,-0.090946,0.993118,0.900000,0.400000
2.16776096,2.25000000,0.14679217,-0.075898,-0.090533,0.992997,0.900000,0.450000
2.21531977,2.50000000,0.17322023,-0.078138,-0.090093,0.992863,0.900000,0.500000
2.26287857,2.75000000,0.19964828,-0.080532,-0.089622,0.992715,0.900000,0.550000
2.31043737,3.00000000,0.22607634,-0.083096,-0.089117,0.992549,0.900000,0.600000
2.35799617,3.25000000,0.25250440,-0.085850,-0.088573,0.992363,0.900000,0.650000
2.40555497,3.50000000,0.27893246,-0.088816,-0.087987,0.992154,0.900000,0.700000
2.45311378,3.75000000,0.30536051,-0.092018,-0.087353,0.991918,0.900000,0.750000
2.50067258,4.00000000,0.33178857,-0.095486,-0.086665,0.991651,0.900000,0.800000
2.54823138,4.25000000,0.35821663,-0.099255,-0.085916,0.991346,0.900000,0.850000
2.59579018,4.50000000,0.38464469,-0.103365,-0.085097,0.990997,0.900000,0.900000
2.64334899,4.75000000,0.41107274,-0.107864,-0.084198,0.990594,0.900000,0.950000
2.69090779,5.00000000,0.43750080,-0.112810,-0.083208,0.990126,0.900000,1.000000
1.78362658,0.00000000,-0.08828953,-0.066415,-0.092634,0.993483,0.925000,0.000000
1.83008288,0.25000000,-0.06187340,-0.067749,-0.092379,0.993416,0.925000,0.050000
1.87653918,0.50000000,-0.03545728,-0.069154,-0.092111,0.993345,0.925000,0.100000
1.92299548,0.75000000,-0.00904116,-0.070635,-0.091827,0.993267,0.925000,0.150000
1.96945179,1.00000000,0.01737497,-0.072199,-0.091528,0.993182,0.925000,0.200000
2.01590809,1.25000000,0.04379109,-0.073852,-0.091211,0.993089,0.925000,0.250000
2.06236439,1.50000000,0.07020722,-0.075601,-0.090875,0.992989,0.925000,0.300000
2.10882069,1.75000000,0.09662334,-0.077457,-0.090518,0.992878,0.925000,0.350000
2.15527699,2.00000000,0.12303946,-0.079429,-0.090139,0.992757,0.925000,0.400000
2.20173330,2.25000000,0.14945559,-0.081528,-0.089735,0.992623,0.925000,0.450000
2.24818960,2.50000000,0.17587171,-0.083767,-0.089303,0.992476,0.925000,0.500000
2.29464590,2.75000000,0.20228784,-0.086160,-0.088841,0.992312,0.925000,0.550000
2.34110220,3.00000000,0.22870396,-0.088724,-0.088346,0.992131,0.925000,0.600000
2.38755850,3.25000000,0.25512009,-0.091477,-0.087813,0.991928,0.925000,0.650000
2.43401481,3.50000000,0.28153621,-0.094441,-0.087238,0.991701,0.925000,0.700000
2.48047111,3.75000000,0.30795233,-0.097642,-0.086616,0.991445,0.925000,0.750000
2.52692741,4.00000000,0.33436846,-0.101109,-0.085941,0.991156,0.925000,0.800000
2.57338371,4.25000000,0.36078458,-0.104876,-0.085207,0.990828,0.925000,0.850000
2.61984002,4.50000000,0.38720071,-0.108984,-0.084404,0.990454,0.925000,0.900000
2.66629632,4.75000000,0.41361683,-0.113480,-0.083523,0.990023,0.925000,0.950000
2.71275262,5.00000000,0.44003295,-0.118424,-0.082552,0.989526,0.925000,1.000000
1.83373356,0.00000000,-0.08462990,-0.078428,-0.090621,0.992793,0.950000,0.000000
1.87893068,0.25000000,-0.05823983,-0.079762,-0.090371,0.992709,0.950000,0.050000
1.92412781,0.50000000,-0.03184976,-0.081166,-0.090107,0.992619,0.950000,0.100000
1.96932493,0.75000000,-0.00545969,-0.082646,-0.089829,0.992522,0.950000,0.150000
2.01452205,1.00000000,0.02093037,-0.084209,-0.089536,0.992417,0.950000,0.200000
2.05971917,1.25000000,0.04732044,-0.085860,-0.089225,0.992304,0.950000,0.250000
2.10491630,1.50000000,0.07371051,-0.087609,-0.088896,0.992180,0.950000,0.300000
2.15011342,1.75000000,0.10010058,-0.089464,-0.088547,0.992046,0.950000,0.350000
2.19531054,2.00000000,0.12649064,-0.091434,-0.088175,0.991900,0.950000,0.400000
2.24050766,2.25000000,0.15288071,-0.093532,-0.087779,0.991739,0.950000,0.450000
2.28570479,2.50000000,0.17927078,-0.095769,-0.087356,0.991563,0.950000,0.500000
2.33090191,2.75000000,0.20566085,-0.098160,-0.086903,0.991369,0.950000,0.550000
2.37609903,3.00000000,0.23205092,-0.100721,-0.086417,0.991155,0.950000,0.600000
2.42129615,3.25000000,0.25844098,-0.103472,-0.085895,0.990917,0.950000,0.650000
2.46649328,3.50000000,0.28483105,-0.106434,-0.085331,0.990651,0.950000,0.700000
2.51169040,3.75000000,0.31122112,-0.109632,-0.084722,0.990355,0.950000,0.750000
2.55688752,4.00000000,0.33761119,-0.113095,-0.084061,0.990022,0.950000,0.800000
2.60208464,4.25000000,0.36400126,-0.116858,-0.083341,0.989646,0.950000,0.850000
2.64728177,4.50000000,0.39039132,-0.120961,-0.082554,0.989219,0.950000,0.900000
2.69247889,4.75000000,0.41678139,-0.125453,-0.081690,0.988731,0.950000,0.950000
2.73767601,5.00000000,0.44317146,-0.130390,-0.080738,0.988170,0.950000,1.000000
1.90160211,0.00000000,-0.07887016,-0.088789,-0.089057,0.992061,0.975000,0.000000
1.94509266,0.25000000,-0.05253548,-0.090122,-0.088814,0.991963,0.975000,0.050000
1.98858321,0.50000000,-0.02620080,-0.091525,-0.088559,0.991857,0.975000,0.100000
2.03207375,0.75000000,0.00013387,-0.093005,-0.088290,0.991743,0.975000,0.150000
2.07556430,1.00000000,0.02646855,-0.094566,-0.088005,0.991621,0.975000,0.200000
2.11905485,1.25000000,0.05280322,-0.096216,-0.087704,0.991489,0.975000,0.250000
2.16254540,1.50000000,0.07913790,-0.097964,-0.087385,0.991346,0.975000,0.300000
2.20603594,1.75000000,0.10547258,-0.099817,-0.087046,0.991191,0.975000,0.350000
2.24952649,2.00000000,0.13180725,-0.101786,-0.086686,0.991022,0.975000,0.400000
2.29301704,2.25000000,0.15814193,-0.103882,-0.086302,0.990838,0.975000,0.450000
2.33650759,2.50000000,0.18447661,-0.106117,-0.085892,0.990637,0.975000,0.500000
2.37999813,2.75000000,0.21081128,-0.108506,-0.085453,0.990416,0.975000,0.550000
2.42348868,3.00000000,0.23714596,-0.111065,-0.084982,0.990173,0.975000,0.600000
2.46697923,3.25000000,0.26348063,-0.113813,-0.084476,0.989904,0.975000,0.650000
2.51046978,3.50000000,0.28981531,-0.116772,-0.083930,0.989606,0.975000,0.700000
2.55396032,3.75000000,0.31614999,-0.119967,-0.083339,0.989274,0.975000,0.750000
2.59745087,4.00000000,0.34248466,-0.123427,-0.082698,0.988902,0.975000,0.800000
2.64094142,4.25000000,0.36881934,-0.127186,-0.082000,0.988484,0.975000,0.850000
2.68443197,4.50000000,0.39515401,-0.131284,-0.081237,0.988011,0.975000,0.900000
2.72792251,4.75000000,0.42148869,-0.135771,-0.080400,0.987473,0.975000,0.950000
2.77141306,5.00000000,0.44782337,-0.140702,-0.079477,0.986857,0.975000,1.000000
1.99878165,0.00000000,-0.06979899,-0.095398,-0.088385,0.991508,1.000000,0.000000
2.03982751,0.25000000,-0.04356426,-0.096731,-0.088155,0.991399,1.000000,0.050000
2.08087338,0.50000000,-0.01732952,-0.098133,-0.087912,0.991283,1.000000,0.100000
2.12191924,0.75000000,0.00890521,-0.099612,-0.087656,0.991158,1.000000,0.150000
2.16296510,1.00000000,0.03513995,-0.101172,-0.087386,0.991024,1.000000,0.200000
2.20401096,1.25000000,0.06137469,-0.102821,-0.087100,0.990879,1.000000,0.250000
2.24505682,1.50000000,0.08760942,-0.104568,-0.086797,0.990723,1.000000,0.300000
2.28610268,1.75000000,0.11384416,-0.106420,-0.086475,0.990554,1.000000,0.350000
2.32714854,2.00000000,0.14007889,-0.108388,-0.086133,0.990370,1.000000,0.400000
2.36819440,2.25000000,0.16631363,-0.110482,-0.085768,0.990170,1.000000,0.450000
2.40924026,2.50000000,0.19254837,-0.112716,-0.085379,0.989952,1.000000,0.500000
2.45028612,2.75000000,0.21878310,-0.115103,-0.084961,0.989714,1.000000,0.550000
2.49133198,3.00000000,0.24501784,-0.117660,-0.084514,0.989451,1.000000,0.600000
2.53237784,3.25000000,0.27125257,-0.120407,-0.084033,0.989162,1.000000,0.650000
2.57342370,3.50000000,0.29748731,-0.123363,-0.083514,0.988841,1.000000,0.700000
2.61446956,3.75000000,0.32372204,-0.126555,-0.082952,0.988485,1.000000,0.750000
2.65551542,4.00000000,0.34995678,-0.130012,-0.082343,0.988087,1.000000,0.800000
2.69656128,4.25000000,0.37619152,-0.133768,-0.081679,0.987641,1.000000,0.850000
2.73760715,4.50000000,0.40242625,-0.137863,-0.080954,0.987137,1.000000,0.900000
2.77865301,4.75000000,0.42866099,-0.142345,-0.080158,0.986566,1.000000,0.950000
2.81969887,5.00000000,0.45489572,-0.147272,-0.079281,0.985914,1.000000,1.000000
